year,sex,name,n,prop
1950,Female,Marion,1387,7.885507210946698e-4
1950,Female,Jessie,937,5.327123472715974e-4
1950,Female,Kerry,478,2.717572059720636e-4
1950,Female,Jaime,28,1.5918832148991173e-5
1950,Female,Casey,16,9.096475513709242e-6
1950,Male,Kerry,1062,5.835187278192828e-4
1950,Male,Jessie,1019,5.598922633218919e-4
1950,Male,Marion,821,4.5110063610134766e-4
1950,Male,Harley,264,1.4505550296072567e-4
1950,Male,Jaime,154,8.46157100604233e-5
1950,Male,Riley,152,8.351680473496327e-5
1950,Male,Casey,117,6.428596153941252e-5
1950,Male,Quinn,26,1.4285769230980558e-5
1950,Male,Peyton,18,9.890147929140386e-6
1951,Female,Marion,1341,7.261731541203693e-4
1951,Female,Jessie,940,5.090251788763215e-4
1951,Female,Kerry,492,2.6642594468845765e-4
1951,Female,Jaime,28,1.5162452136741492e-5
1951,Female,Casey,18,9.747290659333816e-6
1951,Female,Riley,5,2.7075807387038377e-6
1951,Male,Kerry,1178,6.165641153404083e-4
1951,Male,Jessie,988,5.171182902855038e-4
1951,Male,Marion,856,4.4802961182630686e-4
1951,Male,Harley,257,1.3451356336373934e-4
1951,Male,Jaime,167,8.740764623246875e-5
1951,Male,Casey,154,8.060345820239633e-5
1951,Male,Riley,147,7.693966464774196e-5
1951,Male,Peyton,27,1.4131775139381175e-5
1951,Male,Quinn,27,1.4131775139381175e-5
1952,Female,Marion,1264,6.645129577398148e-4
1952,Female,Jessie,878,4.6158415893635867e-4
1952,Female,Kerry,556,2.9230158584124766e-4
1952,Female,Casey,28,1.472022374740096e-5
1952,Female,Jaime,23,1.2091612363936504e-5
1952,Female,Riley,7,3.68005593685024e-6
1952,Female,Harley,5,2.6286113834644574e-6
1952,Male,Kerry,1169,5.923795364034708e-4
1952,Male,Jessie,1035,5.244763217943475e-4
1952,Male,Marion,783,3.9677773909659335e-4
1952,Male,Harley,272,1.3783339084836959e-4
1952,Male,Jaime,208,1.0540200476640028e-4
1952,Male,Casey,180,9.12132733555387e-5
1952,Male,Riley,163,8.25986864275156e-5
1952,Male,Peyton,20,1.0134808150615411e-5
1952,Male,Quinn,16,8.107846520492328e-6
1953,Female,Marion,1279,6.629986615617325e-4
1953,Female,Jessie,899,4.6601704202032645e-4
1953,Female,Kerry,568,2.944356839461017e-4
1953,Female,Jaime,35,1.8143043905129504e-5
1953,Female,Casey,31,1.6069553173114704e-5
1953,Female,Harley,5,2.5918634150185005e-6
1953,Male,Kerry,1259,6.291533365115821e-4
1953,Male,Jessie,1067,5.332062033819366e-4
1953,Male,Marion,775,3.8728660508060057e-4
1953,Male,Jaime,257,1.2842923549124432e-4
1953,Male,Harley,256,1.2792951083952743e-4
1953,Male,Casey,179,8.945071265732582e-5
1953,Male,Riley,163,8.145511822985535e-5
1953,Male,Quinn,23,1.1493666989488792e-5
1953,Male,Peyton,19,9.494768382621176e-6
1954,Female,Marion,1336,6.711436367947466e-4
1954,Female,Jessie,763,3.8329535544490395e-4
1954,Female,Kerry,582,2.9236945854381924e-4
1954,Female,Jaime,44,2.2103532948329977e-5
1954,Female,Casey,34,1.708000273280044e-5
1954,Male,Kerry,1660,8.027537354645961e-4
1954,Male,Jessie,992,4.7971789492824056e-4
1954,Male,Marion,828,4.0040969455703955e-4
1954,Male,Jaime,294,1.421744567630068e-4
1954,Male,Harley,243,1.1751154079391377e-4
1954,Male,Casey,236,1.1412643468050884e-4
1954,Male,Riley,166,8.027537354645962e-5
1954,Male,Quinn,25,1.208966469073187e-5
1954,Male,Peyton,19,9.188145164956222e-6
1955,Female,Marion,1147,5.722487780468006e-4
1955,Female,Jessie,744,3.7118839657089775e-4
1955,Female,Kerry,615,3.0682911813320173e-4
1955,Female,Jaime,57,2.8437820705028455e-5
1955,Female,Casey,35,1.7461819731157825e-5
1955,Male,Kerry,1601,7.665289691454136e-4
1955,Male,Jessie,964,4.615452381362765e-4
1955,Male,Marion,713,3.4137111492859456e-4
1955,Male,Jaime,375,1.79543012760481e-4
1955,Male,Casey,297,1.4219806610630094e-4
1955,Male,Harley,225,1.077258076562886e-4
1955,Male,Riley,131,6.272035912432804e-5
1955,Male,Quinn,29,1.3884659653477198e-5
1955,Male,Peyton,22,1.0533190081948219e-5
1956,Female,Marion,1103,5.356110968130412e-4
1956,Female,Kerry,741,3.598257685752162e-4
1956,Female,Jessie,683,3.316612684708133e-4
1956,Female,Jaime,80,3.8847586350900534e-5
1956,Female,Casey,62,3.0106879421947915e-5
1956,Male,Kerry,1580,7.367066415502546e-4
1956,Male,Jessie,1050,4.89583527612511e-4
1956,Male,Marion,745,3.4737116959173396e-4
1956,Male,Jaime,398,1.8557547046645653e-4
1956,Male,Casey,352,1.6412704925676557e-4
1956,Male,Harley,235,1.0957345617994293e-4
1956,Male,Riley,133,6.201391349758472e-5
1956,Male,Quinn,42,1.9583341104500438e-5
1956,Male,Peyton,22,1.0257940578547848e-5
1957,Female,Marion,1053,5.020223922010607e-4
1957,Female,Kerry,813,3.876013341495369e-4
1957,Female,Jessie,632,3.0130878620234603e-4
1957,Female,Jaime,68,3.2419299781265074e-5
1957,Female,Casey,58,2.765175569578492e-5
1957,Female,Riley,6,2.860526451288095e-6
1957,Female,Peyton,5,2.3837720427400793e-6
1957,Female,Quinn,5,2.3837720427400793e-6
1957,Male,Kerry,1747,7.985825730723625e-4
1957,Male,Jessie,1064,4.863719849736655e-4
1957,Male,Marion,608,2.779268485563803e-4
1957,Male,Jaime,441,2.015883885088219e-4
1957,Male,Casey,368,1.6821888202096701e-4
1957,Male,Harley,236,1.0787950042648972e-4
1957,Male,Riley,141,6.445343033955529e-5
1957,Male,Quinn,57,2.605564205216065e-5
1957,Male,Peyton,22,1.0056563599079551e-5
1958,Female,Marion,1054,5.104089033908294e-4
1958,Female,Kerry,807,3.907969497499045e-4
1958,Female,Jessie,591,2.861970226792981e-4
1958,Female,Jaime,106,5.133144569205685e-5
1958,Female,Casey,63,3.05083120622602e-5
1958,Male,Kerry,1440,6.687792039391095e-4
1958,Male,Jessie,1017,4.723253127819961e-4
1958,Male,Marion,584,2.7122712159752775e-4
1958,Male,Jaime,580,2.6936940158658575e-4
1958,Male,Casey,373,1.7323239102033877e-4
1958,Male,Harley,176,8.173968048144672e-5
1958,Male,Riley,116,5.3873880317317154e-5
1958,Male,Quinn,45,2.0899350123097172e-5
1958,Male,Peyton,20,9.288600054709854e-6
1959,Female,Marion,920,4.426317924133873e-4
1959,Female,Kerry,790,3.800859956593217e-4
1959,Female,Jessie,584,2.809749638798024e-4
1959,Female,Jaime,128,6.158355372707997e-5
1959,Female,Casey,86,4.1376450160381856e-5
1959,Male,Kerry,1703,7.860844133723899e-4
1959,Male,Jessie,960,4.431245078317641e-4
1959,Male,Jaime,628,2.898772822066123e-4
1959,Male,Marion,543,2.5064229974234155e-4
1959,Male,Casey,396,1.8278885948060268e-4
1959,Male,Harley,178,8.216266916047293e-5
1959,Male,Riley,112,5.1697859247039144e-5
1959,Male,Quinn,56,2.5848929623519572e-5
1959,Male,Peyton,20,9.231760579828419e-6
1960,Female,Kerry,953,4.5818849672825526e-4
1960,Female,Marion,811,3.899169683595121e-4
1960,Female,Jessie,510,2.4520055963421847e-4
1960,Female,Jaime,96,4.615539946055877e-5
1960,Female,Casey,76,3.6539691239609026e-5
1960,Female,Quinn,7,3.36549787733241e-6
1960,Male,Kerry,2173,0.0010031896166873876
1960,Male,Jessie,935,4.316531484595984e-4
1960,Male,Jaime,642,2.9638643990487933e-4
1960,Male,Marion,541,2.497586666488158e-4
1960,Male,Casey,348,1.606580702288131e-4
1960,Male,Harley,172,7.940571287171223e-5
1960,Male,Riley,108,4.985940110549372e-5
1960,Male,Quinn,67,3.093129513025999e-5
1960,Male,Peyton,23,1.0618205790984774e-5
1961,Female,Kerry,1040,5.009091018555311e-4
1961,Female,Marion,749,3.6075088200941615e-4
1961,Female,Jessie,469,2.2589073920215776e-4
1961,Female,Jaime,130,6.261363773194138e-5
1961,Female,Casey,60,2.8898602030126794e-5
1961,Female,Quinn,12,5.779720406025359e-6
1961,Female,Peyton,7,3.3715035701814593e-6
1961,Male,Kerry,2027,9.402062238219592e-4
1961,Male,Jessie,949,4.4018535096548557e-4
1961,Male,Jaime,666,3.08918275809287e-4
1961,Male,Marion,562,2.6067878529252147e-4
1961,Male,Casey,359,1.665190105338349e-4
1961,Male,Harley,166,7.69976483248373e-5
1961,Male,Riley,102,4.731180800682774e-5
1961,Male,Quinn,67,3.107736408291626e-5
1961,Male,Peyton,17,7.885301334471291e-6
1962,Female,Kerry,1089,5.372423925194547e-4
1962,Female,Marion,773,3.8134836493805183e-4
1962,Female,Jessie,446,2.200276465231192e-4
1962,Female,Jaime,123,6.068027022947009e-5
1962,Female,Casey,79,3.897350689535071e-5
1962,Female,Peyton,7,3.4533487122462652e-6
1962,Female,Quinn,6,2.9600131819253703e-6
1962,Male,Kerry,1899,9.032800624828168e-4
1962,Male,Jessie,938,4.4616993081036444e-4
1962,Male,Jaime,663,3.153631813723578e-4
1962,Male,Casey,517,2.4591668894345247e-4
1962,Male,Marion,490,2.3307384445317547e-4
1962,Male,Harley,138,6.564120517252696e-5
1962,Male,Riley,112,5.327402158929725e-5
1962,Male,Quinn,65,3.0917958958074294e-5
1962,Male,Peyton,28,1.3318505397324312e-5
1963,Female,Kerry,1164,5.855454778684937e-4
1963,Female,Marion,737,3.707448601280755e-4
1963,Female,Jessie,401,2.0172142321758245e-4
1963,Female,Jaime,115,5.785028346638898e-5
1963,Female,Casey,65,3.269798630708943e-5
1963,Female,Quinn,21,1.0563964806905814e-5
1963,Female,Peyton,6,3.0182756591159472e-6
1963,Male,Kerry,1722,8.337291367998455e-4
1963,Male,Jessie,905,4.3816775191861797e-4
1963,Male,Jaime,645,3.1228530385360063e-4
1963,Male,Marion,457,2.2126261063735737e-4
1963,Male,Casey,367,1.7768791707638984e-4
1963,Male,Harley,134,6.487787707966277e-5
1963,Male,Quinn,101,4.890048944064134e-5
1963,Male,Riley,99,4.793216291706429e-5
1963,Male,Peyton,22,1.0651591759347619e-5
1964,Female,Kerry,1179,6.023967111898638e-4
1964,Female,Marion,725,3.704305475934277e-4
1964,Female,Jessie,411,2.0999580008399833e-4
1964,Female,Jaime,101,5.1604807319911995e-5
1964,Female,Casey,67,3.423289198449608e-5
1964,Female,Quinn,14,7.153141608700673e-6
1964,Female,Peyton,10,5.109386863357623e-6
1964,Male,Kerry,1568,7.733219702349952e-4
1964,Male,Jessie,907,4.473233590581254e-4
1964,Male,Jaime,694,3.422738822341114e-4
1964,Male,Marion,456,2.2489465460915676e-4
1964,Male,Casey,396,1.953032526868993e-4
1964,Male,Harley,148,7.299212474156843e-5
1964,Male,Quinn,120,5.9182803844514935e-5
1964,Male,Riley,106,5.2278143395988195e-5
1964,Male,Peyton,27,1.3316130865015861e-5
1965,Female,Kerry,921,5.040107434733072e-4
1965,Female,Marion,568,3.108339872886411e-4
1965,Female,Jessie,473,2.5884590842874516e-4
1965,Female,Jaime,111,6.074396582577317e-5
1965,Female,Casey,66,3.611803373424351e-5
1965,Female,Quinn,17,9.30312990124454e-6
1965,Female,Peyton,8,4.377943482938607e-6
1965,Female,Riley,6,3.2834576122039553e-6
1965,Male,Kerry,1475,7.781017377253792e-4
1965,Male,Jessie,875,4.615857766167503e-4
1965,Male,Jaime,680,3.58718089256446e-4
1965,Male,Casey,441,2.3263923141484218e-4
1965,Male,Marion,431,2.2736396539636502e-4
1965,Male,Harley,124,6.541329862911663e-5
1965,Male,Quinn,104,5.4862766592162325e-5
1965,Male,Riley,73,3.850944193488317e-5
1965,Male,Peyton,28,1.477074485173601e-5
1966,Female,Kerry,1032,5.878482872937618e-4
1966,Female,Marion,535,3.047469318819405e-4
1966,Female,Jessie,476,2.711393263099134e-4
1966,Female,Jaime,150,8.544306501362816e-5
1966,Female,Casey,97,5.525318204214622e-5
1966,Female,Peyton,28,1.5949372135877258e-5
1966,Female,Quinn,24,1.3670890402180507e-5
1966,Male,Kerry,1241,6.825570644656172e-4
1966,Male,Jessie,903,4.96655140380703e-4
1966,Male,Jaime,727,3.998541384903334e-4
1966,Male,Casey,562,3.091031992181119e-4
1966,Male,Marion,349,1.9195198670306237e-4
1966,Male,Harley,140,7.700079695824851e-5
1966,Male,Quinn,110,6.0500626181480976e-5
1966,Male,Riley,93,5.115052940797937e-5
1966,Male,Peyton,17,9.350096773501605e-6
1967,Female,Kerry,1257,7.322384126329476e-4
1967,Female,Marion,463,2.6971072796265293e-4
1967,Female,Jessie,373,2.17283156652418e-4
1967,Female,Jaime,147,8.563169980671702e-5
1967,Female,Casey,114,6.640825699296421e-5
1967,Female,Peyton,23,1.3398157112615589e-5
1967,Female,Quinn,17,9.9029856919332615e-06
1967,Male,Kerry,1124,6.31460319404315e-4
1967,Male,Jessie,798,4.483143548795759e-4
1967,Male,Jaime,715,4.016851675926025e-4
1967,Male,Casey,503,2.8258411090780286e-4
1967,Male,Marion,344,1.9325831839420315e-4
1967,Male,Quinn,136,7.640445145817334e-5
1967,Male,Harley,125,7.022467964905638e-5
1967,Male,Riley,73,4.1011212915048925e-5
1967,Male,Peyton,22,1.2359543618233922e-5
1968,Female,Kerry,1738,0.0010166834358986358
1968,Female,Marion,436,2.550483187869996e-4
1968,Female,Jessie,319,1.8660645342443317e-4
1968,Female,Casey,145,8.482111519292416e-5
1968,Female,Jaime,142,8.306619556824298e-5
1968,Female,Quinn,22,1.286941058099539e-5
1968,Female,Peyton,15,8.774598123405948e-6
1968,Female,Harley,5,2.924866041135316e-6
1968,Female,Riley,5,2.924866041135316e-6
1968,Male,Kerry,1085,6.107779509722628e-4
1968,Male,Jaime,791,4.452768287733271e-4
1968,Male,Jessie,716,4.0305715474298634e-4
1968,Male,Casey,552,3.107368008633079e-4
1968,Male,Marion,367,2.0659493825513406e-4
1968,Male,Harley,123,6.924026540975882e-5
1968,Male,Quinn,115,6.473683351318914e-5
1968,Male,Riley,94,5.291532478469374e-5
1968,Male,Peyton,24,1.3510295689709039e-5
1969,Female,Kerry,1853,0.0010512163020786058
1969,Female,Marion,413,2.3429699555232823e-4
1969,Female,Jessie,325,1.8437414904238903e-4
1969,Female,Casey,191,1.083552691295271e-4
1969,Female,Jaime,168,9.530725242806571e-5
1969,Female,Quinn,24,1.3615321775437959e-5
1969,Female,Peyton,13,7.374965961695562e-6
1969,Male,Kerry,977,5.337467822225719e-4
1969,Male,Jaime,798,4.3595694187677827e-4
1969,Male,Jessie,773,4.2229914294580147e-4
1969,Male,Casey,682,3.725847548370461e-4
1969,Male,Marion,341,1.8629237741852304e-4
1969,Male,Quinn,115,6.28258750824931e-5
1969,Male,Harley,113,6.173325116801496e-5
1969,Male,Riley,79,4.3158644621886566e-5
1969,Male,Peyton,27,1.4750422845454903e-5
1970,Female,Kerry,1833,0.001000569882682772
1970,Female,Marion,383,2.090661566107483e-4
1970,Female,Jessie,335,1.8286465395457097e-4
1970,Female,Casey,244,1.331909718355681e-4
1970,Female,Jaime,220,1.2009022050747943e-4
1970,Female,Peyton,25,1.3646615966759027e-5
1970,Female,Quinn,22,1.2009022050747944e-5
1970,Female,Harley,6,3.2751878320221663e-6
1970,Male,Kerry,967,5.073444270549417e-4
1970,Male,Jaime,935,4.905553663871463e-4
1970,Male,Casey,898,4.7114301499000786e-4
1970,Male,Jessie,729,3.824757883382135e-4
1970,Male,Marion,304,1.5949607634405612e-4
1970,Male,Quinn,161,8.446996148484551e-5
1970,Male,Harley,129,6.768090081705013e-5
1970,Male,Riley,78,4.092333537775124e-5
1970,Male,Peyton,23,1.206713735497793e-5
1971,Female,Kerry,2207,0.0012594472812602006
1971,Female,Jessie,359,2.0486704756339464e-4
1971,Female,Marion,359,2.0486704756339464e-4
1971,Female,Casey,317,1.8089931497937634e-4
1971,Female,Jaime,195,1.1127875842579932e-4
1971,Female,Quinn,23,1.3125186891248126e-5
1971,Female,Peyton,8,4.565282396955869e-6
1971,Female,Harley,5,2.8533014980974185e-6
1971,Male,Casey,1126,6.191473801707879e-4
1971,Male,Jaime,1032,5.674601210801537e-4
1971,Male,Kerry,880,4.838807234016815e-4
1971,Male,Jessie,759,4.173471239339503e-4
1971,Male,Marion,344,1.8915337369338457e-4
1971,Male,Quinn,148,8.137993984482825e-5
1971,Male,Harley,134,7.368183742707422e-5
1971,Male,Riley,96,5.278698800745616e-5
1971,Male,Peyton,29,1.594606929391905e-5
1972,Female,Kerry,1908,0.0011832382029662815
1972,Female,Casey,544,3.373593199233004e-4
1972,Female,Jessie,317,1.9658622135236437e-4
1972,Female,Marion,293,1.8170272194398347e-4
1972,Female,Jaime,167,1.0356435004998375e-4
1972,Female,Peyton,15,9.302187130238061e-6
1972,Female,Quinn,12,7.4417497041904496e-6
1972,Female,Harley,5,3.1007290434126874e-6
1972,Male,Casey,1190,7.104821188367916e-4
1972,Male,Jaime,1007,6.012231039232345e-4
1972,Male,Jessie,755,4.5076806699309043e-4
1972,Male,Kerry,735,4.3882719104625356e-4
1972,Male,Marion,299,1.7851609540521065e-4
1972,Male,Harley,135,8.060091264114862e-5
1972,Male,Quinn,119,7.104821188367916e-5
1972,Male,Riley,85,5.074872277405654e-5
1972,Male,Peyton,23,1.3732007338862357e-5
1973,Female,Kerry,1875,0.0012065551659544238
1973,Female,Casey,620,3.9896757487559615e-4
1973,Female,Jessie,352,2.2651062315517714e-4
1973,Female,Marion,267,1.7181345563190993e-4
1973,Female,Jaime,186,1.1969027246267883e-4
1973,Female,Peyton,13,8.365449150617337e-6
1973,Female,Riley,8,5.147968708072208e-6
1973,Male,Casey,1279,7.922595191932457e-4
1973,Male,Jaime,1064,6.590806320731927e-4
1973,Male,Jessie,754,4.6705525994660457e-4
1973,Male,Kerry,681,4.2183638199421445e-4
1973,Male,Marion,298,1.8459213191523627e-4
1973,Male,Quinn,136,8.424338906198703e-5
1973,Male,Harley,130,8.052676895631114e-5
1973,Male,Riley,90,5.574930158513847e-5
1973,Male,Peyton,34,2.1060847265496757e-5
1974,Female,Kerry,1730,0.0011046139661515632
1974,Female,Casey,822,5.248512602176792e-4
1974,Female,Jessie,358,2.2858485542327146e-4
1974,Female,Jaime,260,1.6601134751410777e-4
1974,Female,Marion,233,1.4877170757995043e-4
1974,Female,Peyton,19,1.2131598472184798e-5
1974,Female,Quinn,12,7.66206219295882e-6
1974,Female,Riley,8,5.108041461972547e-6
1974,Male,Casey,1729,0.0010601280860365373
1974,Male,Jaime,1093,6.701677258750348e-4
1974,Male,Jessie,749,4.592457700644109e-4
1974,Male,Kerry,709,4.3471996124922206e-4
1974,Male,Marion,266,1.6309662862100575e-4
1974,Male,Harley,169,1.0362154224417282e-4
1974,Male,Quinn,162,9.932952570151477e-5
1974,Male,Riley,85,5.2117343732276274e-5
1974,Male,Peyton,50,3.065726101898604e-5
1975,Female,Kerry,1678,0.0010751551382227904
1975,Female,Jaime,914,5.856327749318417e-4
1975,Female,Casey,856,5.484700824306964e-4
1975,Female,Jessie,392,2.5116854242153387e-4
1975,Female,Marion,233,1.4929150608218722e-4
1975,Female,Peyton,19,1.217398547451312e-5
1975,Female,Quinn,16,1.0251777241695259e-5
1975,Female,Riley,10,6.407360776059537e-6
1975,Female,Harley,8,5.125888620847629e-6
1975,Male,Casey,1960,0.0012075017896901526
1975,Male,Jaime,1275,7.854922356402778e-4
1975,Male,Jessie,772,4.7560784777591725e-4
1975,Male,Kerry,646,3.979827327244074e-4
1975,Male,Marion,245,1.5093772371126908e-4
1975,Male,Quinn,152,9.36429959351547e-5
1975,Male,Harley,141,8.686620017668955e-5
1975,Male,Riley,107,6.591974055961548e-5
1975,Male,Peyton,45,2.7723255375539216e-5
1976,Female,Jaime,7836,0.004985046768212502
1976,Female,Kerry,1450,9.224499507284492e-4
1976,Female,Casey,811,5.159358000281189e-4
1976,Female,Jessie,448,2.8500522615610015e-4
1976,Female,Marion,191,1.215089245442302e-4
1976,Female,Quinn,22,1.399579235587992e-5
1976,Female,Peyton,17,1.08149304568163e-5
1976,Female,Riley,7,4.453206658689065e-6
1976,Male,Casey,2127,0.0013022467583116955
1976,Male,Jaime,1400,8.571440816344024e-4
1976,Male,Jessie,822,5.032660250739134e-4
1976,Male,Kerry,583,3.5693928542346895e-4
1976,Male,Marion,241,1.475512311956364e-4
1976,Male,Harley,169,1.0346953556872428e-4
1976,Male,Quinn,141,8.632665393603623e-5
1976,Male,Riley,106,6.489805189517617e-5
1976,Male,Peyton,30,1.836737317788005e-5
1977,Female,Jaime,5906,0.003590537662648742
1977,Female,Kerry,1298,7.891157951435942e-4
1977,Female,Casey,950,5.775500811913824e-4
1977,Female,Jessie,486,2.9546246258843357e-4
1977,Female,Marion,229,1.3921996693981746e-4
1977,Female,Peyton,12,7.295369446627989e-6
1977,Female,Riley,11,6.6874219927423234e-6
1977,Female,Quinn,8,4.863579631085326e-6
1977,Female,Harley,7,4.255632177199661e-6
1977,Male,Casey,2597,0.0015188155928615083
1977,Male,Jaime,1361,7.959599622196815e-4
1977,Male,Jessie,933,5.456507308971071e-4
1977,Male,Kerry,540,3.158107124163321e-4
1977,Male,Marion,229,1.339271354506297e-4
1977,Male,Harley,189,1.1053374934571624e-4
1977,Male,Quinn,147,8.597069393555707e-5
1977,Male,Riley,118,6.90104890094948e-5
1977,Male,Peyton,27,1.5790535620816603e-5
1978,Female,Jaime,4001,0.0024340551139187677
1978,Female,Casey,1534,9.332268294804774e-4
1978,Female,Kerry,1154,7.020493880185599e-4
1978,Female,Jessie,643,3.9117656542108666e-4
1978,Female,Marion,184,1.1193855060261267e-4
1978,Female,Quinn,66,4.0151871411806716e-5
1978,Female,Peyton,15,9.125425320865163e-6
1978,Female,Riley,13,7.908701944749808e-6
1978,Female,Harley,7,4.258531816403743e-6
1978,Male,Casey,3007,0.0017595198096652465
1978,Male,Jaime,1277,7.47225406365986e-4
1978,Male,Jessie,895,5.23701439857132e-4
1978,Male,Kerry,463,2.7092040966910844e-4
1978,Male,Harley,237,1.3867848183926287e-4
1978,Male,Marion,206,1.2053910235817785e-4
1978,Male,Riley,167,9.771859268842572e-5
1978,Male,Quinn,164,9.596316886767557e-5
1978,Male,Peyton,39,2.2820509669752117e-5
1979,Female,Jaime,3086,0.0017909955753239578
1979,Female,Casey,1957,0.0011357674468272798
1979,Female,Kerry,994,5.768793265949494e-4
1979,Female,Jessie,720,4.178602768092189e-4
1979,Female,Marion,185,1.0736687668014653e-4
1979,Female,Quinn,146,8.47327783529805e-5
1979,Female,Peyton,19,1.1026868415798833e-5
1979,Female,Riley,15,8.705422433525394e-6
1979,Female,Harley,8,4.642891964546877e-6
1979,Male,Casey,3086,0.001722389444197317
1979,Male,Jaime,1357,7.573825261749056e-4
1979,Male,Jessie,1023,5.709670775806401e-4
1979,Male,Kerry,462,2.5785609955254713e-4
1979,Male,Harley,244,1.36183740889224e-4
1979,Male,Marion,232,1.2948617986188512e-4
1979,Male,Quinn,216,1.2055609849209995e-4
1979,Male,Riley,162,9.041707386907496e-5
1979,Male,Peyton,34,1.8976422910793512e-5
1980,Female,Jaime,2645,0.0014857647447405614
1980,Female,Casey,2172,0.0012200684406716443
1980,Female,Kerry,1000,5.617258014142009e-4
1980,Female,Jessie,812,4.5612135074833113e-4
1980,Female,Marion,189,1.0616617646728397e-4
1980,Female,Quinn,104,5.841948334707689e-5
1980,Female,Peyton,17,9.549338624041415e-6
1980,Female,Riley,17,9.549338624041415e-6
1980,Female,Harley,9,5.055532212727808e-6
1980,Male,Casey,3220,0.001736137320913661
1980,Male,Jaime,1464,7.893493906265838e-4
1980,Male,Jessie,1097,5.914728698889087e-4
1980,Male,Kerry,432,2.329227710045657e-4
1980,Male,Harley,282,1.520468088502026e-4
1980,Male,Quinn,218,1.1753973166434104e-4
1980,Male,Marion,204,1.0999130852993382e-4
1980,Male,Riley,164,8.842438528877032e-5
1980,Male,Peyton,24,1.2940153944698096e-5
1981,Female,Casey,2420,0.0013534433388216766
1981,Female,Jaime,2386,0.001334428019185339
1981,Female,Jessie,1210,6.767216694108383e-4
1981,Female,Kerry,939,5.251583864270885e-4
1981,Female,Marion,211,1.1800683656668337e-4
1981,Female,Quinn,96,5.369031426730618e-5
1981,Female,Riley,24,1.3422578566826544e-5
1981,Female,Peyton,18,1.0066933925119909e-5
1981,Female,Harley,11,6.152015176462166e-6
1981,Male,Casey,3518,0.0018892851005327376
1981,Male,Jaime,1410,7.572177350060147e-4
1981,Male,Jessie,1251,6.718293521223578e-4
1981,Male,Kerry,417,2.2394311737411926e-4
1981,Male,Harley,244,1.3103626052586356e-4
1981,Male,Marion,187,1.0042533081285445e-4
1981,Male,Quinn,187,1.0042533081285445e-4
1981,Male,Riley,181,9.720312768516928e-5
1981,Male,Peyton,32,1.7185083347654237e-5
1982,Female,Casey,2477,0.0013657044432535193
1982,Female,Jaime,2196,0.0012107739028602053
1982,Female,Jessie,1144,6.307492462987591e-4
1982,Female,Kerry,937,5.166189193898052e-4
1982,Female,Marion,211,1.1633574385405432e-4
1982,Female,Quinn,141,7.77409473147946e-5
1982,Female,Riley,34,1.8746044033354724e-5
1982,Female,Peyton,20,1.102708472550278e-5
1982,Female,Harley,12,6.6162508353016675e-6
1982,Male,Casey,3427,0.001816395152604754
1982,Male,Jaime,1350,7.155335442125527e-4
1982,Male,Jessie,1330,7.049330472612556e-4
1982,Male,Kerry,418,2.215503862821089e-4
1982,Male,Harley,247,1.309161373485189e-4
1982,Male,Riley,199,1.0547494466540592e-4
1982,Male,Quinn,189,1.0017469618975738e-4
1982,Male,Marion,183,9.699454710436825e-5
1982,Male,Peyton,37,1.961091935989959e-5
1983,Female,Casey,2556,0.0014286472845361229
1983,Female,Jaime,1782,9.960287406272968e-4
1983,Female,Jessie,888,4.963375542519863e-4
1983,Female,Kerry,786,4.393258081554744e-4
1983,Female,Marion,174,9.725533157640273e-5
1983,Female,Quinn,95,5.3099175285967e-5
1983,Female,Riley,37,2.0680731427166096e-5
1983,Female,Peyton,19,1.0619835057193401e-5
1983,Female,Harley,12,6.707264246648464e-6
1983,Male,Casey,3231,0.0017344754781886086
1983,Male,Jaime,1222,6.559978441183781e-4
1983,Male,Jessie,1161,6.232516342237618e-4
1983,Male,Kerry,383,2.0560325228914796e-4
1983,Male,Riley,226,1.2132202354398809e-4
1983,Male,Harley,212,1.1380649996161715e-4
1983,Male,Quinn,176,9.44808678926633e-5
1983,Male,Marion,136,7.300794337160345e-5
1983,Male,Peyton,43,2.3083393860139326e-5
1984,Female,Casey,2582,0.0014323905555423029
1984,Female,Jaime,1505,8.349139372932479e-4
1984,Female,Jessie,992,5.503220104949514e-4
1984,Female,Kerry,730,4.0497486659406707e-4
1984,Female,Marion,165,9.153541505208365e-5
1984,Female,Quinn,101,5.603076921369969e-5
1984,Female,Peyton,25,1.3869002280618735e-5
1984,Female,Riley,22,1.2204722006944486e-5
1984,Female,Harley,15,8.321401368371241e-6
1984,Male,Casey,3514,0.0018733979621865765
1984,Male,Jaime,1174,6.258876515671715e-4
1984,Male,Jessie,1096,5.843039745465246e-4
1984,Male,Kerry,512,2.729595209560407e-4
1984,Male,Riley,252,1.343472642205513e-4
1984,Male,Harley,208,1.1088980538839155e-4
1984,Male,Quinn,179,9.54292075217408e-5
1984,Male,Marion,169,9.009796687806813e-5
1984,Male,Peyton,50,2.665620321836335e-5
1985,Female,Casey,2477,0.0013421022403408735
1985,Female,Jaime,1558,8.441644289265566e-4
1985,Female,Jessie,1112,6.025101700682483e-4
1985,Female,Kerry,672,3.6410686536498464e-4
1985,Female,Marion,168,9.102671634124616e-5
1985,Female,Quinn,79,4.280422970808599e-5
1985,Female,Riley,63,3.413501862796731e-5
1985,Female,Peyton,22,1.1920165235163188e-5
1985,Female,Harley,16,8.669211080118681e-6
1985,Male,Casey,3492,0.0018155765235349046
1985,Male,Jaime,1182,6.145508163855261e-4
1985,Male,Jessie,1131,5.880346644095009e-4
1985,Male,Kerry,525,2.729603879884951e-4
1985,Male,Riley,333,1.7313487466698833e-4
1985,Male,Harley,226,1.1750294797219028e-4
1985,Male,Quinn,172,8.94270223505165e-5
1985,Male,Marion,154,8.006838047662523e-5
1985,Male,Peyton,57,2.9635699267322326e-5
1986,Female,Casey,3423,0.0018555520741743796
1986,Female,Jessie,1276,6.916986405628129e-4
1986,Female,Jaime,1218,6.602577932645032e-4
1986,Female,Kerry,697,3.778322511538249e-4
1986,Female,Marion,162,8.781753900562357e-5
1986,Female,Riley,98,5.312419026266118e-5
1986,Female,Quinn,74,4.011418448405027e-5
1986,Female,Peyton,32,1.73466743714812e-5
1986,Female,Harley,17,9.215420759849387e-6
1986,Male,Casey,3761,0.0019583615163477103
1986,Male,Jaime,1211,6.305705387655084e-4
1986,Male,Jessie,1117,5.816245184154194e-4
1986,Male,Kerry,481,2.504578275360938e-4
1986,Male,Riley,403,2.098430446924029e-4
1986,Male,Quinn,241,1.2548926494012185e-4
1986,Male,Harley,203,1.0570257586242628e-4
1986,Male,Marion,164,8.539518444058083e-5
1986,Male,Peyton,75,3.9052675811241236e-5
1987,Female,Casey,3581,0.0019113202894574753
1987,Female,Jessie,1221,6.516956362545594e-4
1987,Female,Jaime,1108,5.913830998935724e-4
1987,Female,Kerry,669,3.5707156482743676e-4
1987,Female,Marion,150,8.00608889747616e-5
1987,Female,Riley,89,4.750279412502522e-5
1987,Female,Quinn,82,4.3766619306203014e-5
1987,Female,Peyton,29,1.5478438535120577e-5
1987,Female,Harley,15,8.00608889747616e-6
1987,Male,Casey,3926,0.0020143022643712718
1987,Male,Jaime,1183,6.069586293304163e-4
1987,Male,Jessie,1162,5.961842157920066e-4
1987,Male,Riley,476,2.442200402039545e-4
1987,Male,Kerry,409,2.0984453034331385e-4
1987,Male,Quinn,269,1.3801510675391548e-4
1987,Male,Harley,189,9.696972184568782e-5
1987,Male,Marion,137,7.029022165533985e-5
1987,Male,Peyton,80,4.104538490822765e-5
1988,Female,Casey,3149,0.0016381733404846268
1988,Female,Jessie,1160,6.034554064662328e-4
1988,Female,Jaime,950,4.942091690887251e-4
1988,Female,Kerry,598,3.110916664369028e-4
1988,Female,Marion,175,9.103853114792305e-5
1988,Female,Riley,121,6.294664153656393e-5
1988,Female,Quinn,92,4.786025637490812e-5
1988,Female,Peyton,42,2.184924747550153e-5
1988,Female,Harley,35,1.820770622958461e-5
1988,Male,Casey,4038,0.0020181301858898815
1988,Male,Jaime,1254,6.267298794219691e-4
1988,Male,Jessie,1082,5.407669294534055e-4
1988,Male,Riley,528,2.638862650197765e-4
1988,Male,Kerry,421,2.104093135858445e-4
1988,Male,Quinn,267,1.334424862884097e-4
1988,Male,Harley,228,1.1395088716763075e-4
1988,Male,Marion,168,8.39638115972016e-5
1988,Male,Peyton,80,3.998276742723886e-5
1989,Female,Casey,3079,0.0015458480249143107
1989,Female,Jessie,1148,5.763668504714611e-4
1989,Female,Jaime,865,4.3428338471935e-4
1989,Female,Kerry,560,2.811545612055908e-4
1989,Female,Riley,168,8.434636836167723e-5
1989,Female,Marion,152,7.631338089866035e-5
1989,Female,Harley,81,4.066699903152295e-5
1989,Female,Quinn,78,3.9160813882207286e-5
1989,Female,Peyton,35,1.7572160075349423e-5
1989,Male,Casey,3850,0.001837525516547514
1989,Male,Jaime,1396,6.66281979506579e-4
1989,Male,Jessie,1133,5.407575091554112e-4
1989,Male,Riley,677,3.23118123299394e-4
1989,Male,Kerry,408,1.9472997681854173e-4
1989,Male,Quinn,361,1.7229784713601365e-4
1989,Male,Harley,269,1.2838814648085227e-4
1989,Male,Marion,149,7.111462388716353e-5
1989,Male,Peyton,107,5.106889097937246e-5
1990,Female,Casey,3261,0.0015878642568396
1990,Female,Jessie,1116,5.434089269037085e-4
1990,Female,Jaime,882,4.2946834545615675e-4
1990,Female,Kerry,555,2.702436867666292e-4
1990,Female,Riley,238,1.1588828369451848e-4
1990,Female,Marion,166,8.082964324911793e-5
1990,Female,Harley,156,7.596038763170119e-5
1990,Female,Quinn,96,4.674485392720073e-5
1990,Female,Peyton,62,3.0189384827983805e-5
1990,Male,Casey,4130,0.0019201594894700407
1990,Male,Jaime,1436,6.676389895590747e-4
1990,Male,Jessie,1255,5.834867213764894e-4
1990,Male,Riley,813,3.7798781233393296e-4
1990,Male,Kerry,402,1.8690172270386353e-4
1990,Male,Quinn,363,1.6876946602363796e-4
1990,Male,Harley,292,1.3575946027245809e-4
1990,Male,Marion,136,6.323043355155581e-5
1990,Male,Peyton,121,5.625648867454598e-5
1991,Female,Casey,3070,0.0015100999617310173
1991,Female,Jessie,1116,5.48948389997334e-4
1991,Female,Jaime,740,3.639980363781605e-4
1991,Female,Kerry,477,2.3463116669240888e-4
1991,Female,Harley,316,1.5543699931824153e-4
1991,Female,Riley,285,1.4018843292942668e-4
1991,Female,Marion,158,7.771849965912076e-5
1991,Female,Quinn,107,5.263214850332861e-5
1991,Female,Peyton,67,3.295657896937399e-5
1991,Male,Casey,4108,0.00193866128548156
1991,Male,Jaime,1445,6.81929298325427e-4
1991,Male,Jessie,1176,5.549819064572333e-4
1991,Male,Riley,864,4.077418088257225e-4
1991,Male,Quinn,476,2.2463553356602304e-4
1991,Male,Kerry,414,1.9537628339565867e-4
1991,Male,Harley,350,1.6517318644560517e-4
1991,Male,Marion,144,6.795696813762042e-5
1991,Male,Peyton,126,5.946234712041786e-5
1992,Female,Casey,3007,0.001500374719459366
1992,Female,Jessie,1096,5.468608887686948e-4
1992,Female,Jaime,684,3.412890948154993e-4
1992,Female,Harley,456,2.2752606321033289e-4
1992,Female,Kerry,438,2.1854477124150394e-4
1992,Female,Riley,425,2.1205828259734973e-4
1992,Female,Peyton,398,1.9858634464410633e-4
1992,Female,Marion,174,8.681915569867965e-5
1992,Female,Quinn,109,5.4386712477908517e-5
1992,Male,Casey,3573,0.0017027072234721027
1992,Male,Jaime,1429,6.809875797205807e-4
1992,Male,Riley,1067,5.084770801692509e-4
1992,Male,Jessie,1048,4.994226616845126e-4
1992,Male,Harley,556,2.649608777639208e-4
1992,Male,Quinn,486,2.316024938727797e-4
1992,Male,Kerry,288,1.3724592229498057e-4
1992,Male,Peyton,187,8.911453982347696e-5
1992,Male,Marion,130,6.195128436926206e-5
1993,Female,Casey,2579,0.0013084536046907478
1993,Female,Jessie,1108,5.621429212862925e-4
1993,Female,Harley,718,3.642767305808286e-4
1993,Female,Jaime,654,3.31806381336855e-4
1993,Female,Peyton,617,3.1303446068018276e-4
1993,Female,Riley,552,2.800567622292721e-4
1993,Female,Kerry,372,1.8873390498059644e-4
1993,Female,Quinn,131,6.646274610875842e-5
1993,Female,Marion,116,5.885250800470211e-5
1993,Male,Casey,3181,0.001540580567859644
1993,Male,Jaime,1427,6.911060893856372e-4
1993,Male,Riley,1376,6.664064323718548e-4
1993,Male,Jessie,1082,5.240201742924033e-4
1993,Male,Harley,727,3.520911891964669e-4
1993,Male,Quinn,550,2.6636885014863385e-4
1993,Male,Kerry,296,1.43354872079992e-4
1993,Male,Peyton,242,1.1720229406539888e-4
1993,Male,Marion,100,4.843070002702433e-5
1994,Female,Casey,2691,0.0013807966134308256
1994,Female,Jessie,1255,6.439612597011097e-4
1994,Female,Harley,858,4.4025399268808927e-4
1994,Female,Riley,755,3.8740298890385476e-4
1994,Female,Peyton,585,3.0017317683278815e-4
1994,Female,Jaime,574,2.9452889487524857e-4
1994,Female,Kerry,339,1.7394650760053877e-4
1994,Female,Quinn,159,8.158553011352704e-5
1994,Female,Marion,123,6.311333461612469e-5
1994,Male,Casey,3046,0.0014947661103251238
1994,Male,Riley,1587,7.787898283276335e-4
1994,Male,Jaime,1394,6.840787780017147e-4
1994,Male,Jessie,984,4.82879137412975e-4
1994,Male,Harley,789,3.8718662542564766e-4
1994,Male,Quinn,592,2.905126517769118e-4
1994,Male,Peyton,357,1.7519090656141473e-4
1994,Male,Kerry,235,1.1532174521549709e-4
1994,Male,Marion,86,4.220285144056489e-5
1995,Female,Casey,2638,0.0013732180829604875
1995,Female,Jessie,1138,5.923889986387546e-4
1995,Female,Riley,969,5.044155884718394e-4
1995,Female,Harley,752,3.914556476066287e-4
1995,Female,Jaime,603,3.138932918973366e-4
1995,Female,Peyton,588,3.0608500105411924e-4
1995,Female,Kerry,297,1.546041586957031e-4
1995,Female,Quinn,200,1.0411054457623104e-4
1995,Female,Marion,108,5.6219694071164764e-5
1995,Male,Casey,2629,0.0013074573808182226
1995,Male,Riley,1918,9.538620222173264e-4
1995,Male,Jaime,1299,6.460202121273759e-4
1995,Male,Jessie,903,4.4908102505852225e-4
1995,Male,Harley,652,3.2425340901235495e-4
1995,Male,Quinn,605,3.0087931357741527e-4
1995,Male,Peyton,453,2.2528649429846134e-4
1995,Male,Kerry,206,1.0244816297016123e-4
1995,Male,Marion,90,4.4758906152012184e-5
1996,Female,Casey,2550,0.0013304269157364984
1996,Female,Riley,1148,5.989529801041177e-4
1996,Female,Peyton,1104,5.759965941070957e-4
1996,Female,Jessie,979,5.10779588433738e-4
1996,Female,Harley,730,3.808673131324093e-4
1996,Female,Jaime,499,2.6034628664804417e-4
1996,Female,Kerry,289,1.5078171711680315e-4
1996,Female,Quinn,194,1.0121679280505124e-4
1996,Female,Marion,115,5.999964521948914e-5
1996,Male,Casey,2463,0.0012295886045142826
1996,Male,Riley,2393,0.001194642927569094
1996,Male,Jaime,1312,6.549818307441083e-4
1996,Male,Jessie,874,4.3632173785849895e-4
1996,Male,Quinn,790,3.943869255242725e-4
1996,Male,Peyton,772,3.854008943097954e-4
1996,Male,Harley,603,3.010320456849827e-4
1996,Male,Kerry,181,9.03595361011308e-5
1996,Male,Marion,117,5.840920289410112e-5
1997,Female,Casey,2194,0.0011495571794666243
1997,Female,Riley,1669,8.744808261302626e-4
1997,Female,Peyton,1303,6.827133112329132e-4
1997,Female,Jessie,846,4.4326589509059445e-4
1997,Female,Harley,700,3.6676847111514907e-4
1997,Female,Jaime,422,2.2110899258656128e-4
1997,Female,Kerry,272,1.425157487761722e-4
1997,Female,Quinn,206,1.07934721499601e-4
1997,Female,Marion,128,6.706623471819868e-5
1997,Male,Riley,2833,0.001418583189413654
1997,Male,Casey,2097,0.0010500419866574064
1997,Male,Jaime,1212,6.06891219756212e-4
1997,Male,Peyton,1121,5.613243047415129e-4
1997,Male,Quinn,909,4.55168414817159e-4
1997,Male,Jessie,753,3.7705370336338915e-4
1997,Male,Harley,566,2.8341619668483165e-4
1997,Male,Kerry,188,9.413824200838932e-5
1997,Male,Marion,131,6.559632820797341e-5
1998,Female,Casey,2103,0.0010853067630145208
1998,Female,Riley,1877,9.686737014637449e-4
1998,Female,Peyton,1417,7.312789744134931e-4
1998,Female,Harley,825,4.257622822096908e-4
1998,Female,Jessie,744,3.8396016722910294e-4
1998,Female,Jaime,434,2.2397676421697673e-4
1998,Female,Quinn,282,1.455332891916761e-4
1998,Female,Kerry,199,1.0269902322391329e-4
1998,Female,Marion,124,6.399336120485049e-5
1998,Male,Riley,3013,0.001486575429518168
1998,Male,Casey,1974,9.739461990935492e-4
1998,Male,Peyton,1452,7.163981160505741e-4
1998,Male,Jaime,1294,6.384429491525089e-4
1998,Male,Quinn,815,4.02110512796982e-4
1998,Male,Jessie,642,3.167545389149233e-4
1998,Male,Harley,539,2.65935664291501e-4
1998,Male,Kerry,150,7.400806983993535e-5
1998,Male,Marion,132,6.51271014591431e-5
1999,Female,Riley,2312,0.001188180685691262
1999,Female,Casey,1802,9.260820050240719e-4
1999,Female,Peyton,1355,6.963602202040052e-4
1999,Female,Harley,754,3.874949122020812e-4
1999,Female,Jessie,739,3.797861274765756e-4
1999,Female,Jaime,380,1.952892130461417e-4
1999,Female,Quinn,334,1.7164893988792454e-4
1999,Female,Kerry,200,1.0278379634007458e-4
1999,Female,Marion,102,5.2419736133438034e-5
1999,Male,Riley,2970,0.0014573682970872262
1999,Male,Casey,2043,0.0010024927376933344
1999,Male,Peyton,1381,6.776517233257438e-4
1999,Male,Jaime,1322,6.487006359425296e-4
1999,Male,Quinn,990,4.857894323624087e-4
1999,Male,Jessie,581,2.850946062652116e-4
1999,Male,Harley,494,2.424040197848787e-4
1999,Male,Kerry,150,7.360445944884981e-5
1999,Male,Marion,107,5.25045144068462e-5
2e3,Female,Riley,2552,0.0012795436962668109
2e3,Female,Peyton,1967,9.862313677730474e-4
2e3,Female,Casey,1517,7.606064997009217e-4
2e3,Female,Harley,756,3.7904977836117126e-4
2e3,Female,Jessie,719,3.604984003196854e-4
2e3,Female,Jaime,314,1.574360190547722e-4
2e3,Female,Quinn,297,1.4891241292760299e-4
2e3,Female,Kerry,182,9.125272442028197e-5
2e3,Female,Marion,141,7.069579199593273e-5
2e3,Male,Riley,3420,0.001638734705142752
2e3,Male,Peyton,2001,9.588035511668558e-4
2e3,Male,Casey,1822,8.730335183538287e-4
2e3,Male,Jaime,1262,6.047026894415652e-4
2e3,Male,Quinn,937,4.4897497623355514e-4
2e3,Male,Harley,534,2.558726118556227e-4
2e3,Male,Jessie,533,2.553934496611365e-4
2e3,Male,Kerry,135,6.468689625563494e-5
2e3,Male,Marion,102,4.8874543837590846e-5
2001,Female,Riley,3044,0.0015377069072036315
2001,Female,Peyton,1884,9.517213578093436e-4
2001,Female,Casey,1283,6.481202240283374e-4
2001,Female,Harley,820,4.142311642269967e-4
2001,Female,Jessie,610,3.0814757338837556e-4
2001,Female,Quinn,306,1.5457894665056216e-4
2001,Female,Jaime,296,1.4952734708681832e-4
2001,Female,Kerry,148,7.476367354340916e-5
2001,Female,Marion,120,6.061919476492634e-5
2001,Male,Riley,3650,0.0017658519074345267
2001,Male,Peyton,2114,0.0010227427211826274
2001,Male,Casey,1556,7.527850871145545e-4
2001,Male,Jaime,1339,6.478015627547483e-4
2001,Male,Quinn,937,4.53315955415384e-4
2001,Male,Jessie,593,2.86890460577719e-4
2001,Male,Harley,528,2.5544378277409045e-4
2001,Male,Kerry,142,6.869889612485008e-5
2001,Male,Marion,106,5.128227457207119e-5
2002,Female,Riley,3905,0.001978661867208227
2002,Female,Peyton,1702,8.624026883453016e-4
2002,Female,Casey,1031,5.224072689095217e-4
2002,Female,Harley,870,4.408286362282094e-4
2002,Female,Jessie,675,3.420222177632659e-4
2002,Female,Quinn,336,1.702510595088257e-4
2002,Female,Jaime,270,1.3680888710530635e-4
2002,Female,Kerry,141,7.14446410438822e-5
2002,Female,Marion,130,6.587094564329566e-5
2002,Male,Riley,3958,0.0019165446027576355
2002,Male,Peyton,1764,8.541649012795525e-4
2002,Male,Casey,1398,6.769402108780128e-4
2002,Male,Jaime,1262,6.110862275594078e-4
2002,Male,Quinn,914,4.4257750553827155e-4
2002,Male,Jessie,652,3.157117435568414e-4
2002,Male,Harley,576,2.7891098817291513e-4
2002,Male,Kerry,130,6.294866052513709e-5
2002,Male,Marion,120,5.810645586935732e-5
2003,Female,Riley,4242,0.0021157824804033253
2003,Female,Peyton,1700,8.47909056267245e-4
2003,Female,Harley,993,4.952786428666907e-4
2003,Female,Casey,987,4.922860226681005e-4
2003,Female,Jessie,618,3.0823988045479845e-4
2003,Female,Quinn,394,1.9651539304076147e-4
2003,Female,Jaime,265,1.3217405877107054e-4
2003,Female,Marion,119,5.935363393870715e-5
2003,Female,Kerry,100,4.987700330983794e-5
2003,Male,Riley,4076,0.0019413064382694557
2003,Male,Peyton,1768,8.420583373062802e-4
2003,Male,Jaime,1261,6.005857258728615e-4
2003,Male,Casey,1253,5.967755071520186e-4
2003,Male,Quinn,1072,5.105693085929482e-4
2003,Male,Jessie,627,2.9862589224606204e-4
2003,Male,Harley,612,2.914817321444816e-4
2003,Male,Marion,158,7.52518197366472e-5
2003,Male,Kerry,112,5.3343062091800554e-5
2004,Female,Riley,4981,0.0024706569189554095
2004,Female,Peyton,2391,0.0011859748430480595
2004,Female,Harley,876,4.345102310790883e-4
2004,Female,Casey,817,4.0524527259316797e-4
2004,Female,Jessie,607,3.0108186103311257e-4
2004,Female,Quinn,401,1.9890251445515343e-4
2004,Female,Jaime,255,1.2648414260863871e-4
2004,Female,Marion,112,5.555381949869622e-5
2004,Female,Kerry,86,4.2657397115070315e-5
2004,Male,Riley,4109,0.0019458357741125706
2004,Male,Peyton,2481,0.0011748889159341172
2004,Male,Casey,1269,6.009407635309934e-4
2004,Male,Jaime,1194,5.654241699416912e-4
2004,Male,Quinn,1034,4.896554369511799e-4
2004,Male,Jessie,570,2.699261112786968e-4
2004,Male,Harley,558,2.642434563044085e-4
2004,Male,Kerry,172,8.145138796479973e-5
2004,Male,Marion,137,6.487697762312538e-5
2005,Female,Riley,5124,0.002527240336412976
2005,Female,Peyton,2462,0.0012142985379095914
2005,Female,Harley,841,4.1479491079689945e-4
2005,Female,Casey,769,3.7928333698313395e-4
2005,Female,Jessie,507,2.5006066560526516e-4
2005,Female,Quinn,406,2.0024581900539973e-4
2005,Female,Jaime,197,9.716361168488608e-5
2005,Female,Marion,103,5.080127920580338e-5
2005,Female,Kerry,80,3.945730423751719e-5
2005,Male,Riley,4110,0.001933771843152754
2005,Male,Peyton,2841,0.0013367021426756627
2005,Male,Jaime,1255,5.904826431038214e-4
2005,Male,Casey,1101,5.180250119978545e-4
2005,Male,Quinn,1084,5.100264423303127e-4
2005,Male,Jessie,590,2.775974178735097e-4
2005,Male,Harley,484,2.277239834758961e-4
2005,Male,Marion,166,7.810368028305526e-5
2005,Male,Kerry,120,5.6460491770883325e-5
2006,Female,Riley,5052,0.0024192378251569127
2006,Female,Peyton,2534,0.0012134498513356328
2006,Female,Harley,834,3.993753654356424e-4
2006,Female,Casey,770,3.68727855378231e-4
2006,Female,Quinn,545,2.60982702832644e-4
2006,Female,Jessie,529,2.5332082531829116e-4
2006,Female,Jaime,207,9.912554034194001e-5
2006,Female,Marion,97,4.645013243076416e-5
2006,Female,Kerry,73,3.4957316159234884e-05
2006,Male,Riley,4391,0.0020049624075256177
2006,Male,Peyton,2685,0.0012259904496028887
2006,Male,Jaime,1240,5.661929823119486e-4
2006,Male,Quinn,1232,5.625401243615489e-4
2006,Male,Casey,1070,4.885697508659557e-4
2006,Male,Jessie,546,2.493075551147774e-4
2006,Male,Harley,493,2.2510737119337955e-4
2006,Male,Marion,155,7.077412278899357e-5
2006,Male,Kerry,99,4.5204117136195894e-5
2007,Female,Riley,5207,0.002463212649947538
2007,Female,Peyton,2774,0.001312262702315051
2007,Female,Casey,696,3.2924832040781375e-4
2007,Female,Harley,668,3.16002698322442e-4
2007,Female,Quinn,523,2.4740929823748075e-4
2007,Female,Jessie,495,2.3416367615210893e-4
2007,Female,Jaime,181,8.56234856232964e-5
2007,Female,Marion,113,5.34555462731077e-5
2007,Female,Kerry,44,2.0814548991298572e-5
2007,Male,Riley,3969,0.0017938861431447922
2007,Male,Peyton,3371,0.001523605489680296
2007,Male,Quinn,1320,5.966061247042393e-4
2007,Male,Jaime,1227,5.545725113728043e-4
2007,Male,Casey,985,4.451947218436937e-4
2007,Male,Jessie,533,2.4090232156618148e-4
2007,Male,Harley,416,1.8802132414921482e-4
2007,Male,Marion,146,6.598825318698404e-5
2007,Male,Kerry,87,3.932176731005214e-5
2008,Female,Riley,5763,0.002770742345481714
2008,Female,Peyton,4730,0.0022740953139213094
2008,Female,Harley,777,3.735670314834794e-4
2008,Female,Casey,675,3.245273439528296e-4
2008,Female,Quinn,599,2.8798796892999247e-4
2008,Female,Jessie,493,2.3702515639814072e-4
2008,Female,Jaime,125,6.009765628756104e-5
2008,Female,Marion,96,4.6155000028846874e-5
2008,Female,Kerry,37,1.7788906261118067e-5
2008,Male,Riley,4125,0.0018944534536230906
2008,Male,Peyton,3220,0.001478821847434267
2008,Male,Quinn,1216,5.58461915055922e-4
2008,Male,Jaime,1040,4.776319010346701e-4
2008,Male,Casey,975,4.477799072200032e-4
2008,Male,Jessie,488,2.241195843316529e-4
2008,Male,Harley,420,1.9288980618707832e-4
2008,Male,Marion,140,6.429660206235944e-5
2008,Male,Kerry,85,3.903722268071823e-5
2009,Female,Riley,5631,0.0027851433302717036
2009,Female,Peyton,5311,0.0026268684473580214
2009,Female,Harley,759,3.7540823791089024e-4
2009,Female,Quinn,630,3.1160367573631204e-4
2009,Female,Casey,569,2.8143252618089136e-4
2009,Female,Jessie,421,2.082303928333133e-4
2009,Female,Jaime,136,6.726682523831498e-5
2009,Female,Marion,110,5.44069910015783e-5
2009,Female,Kerry,32,1.5827488291368232e-5
2009,Male,Riley,3783,0.00178633320520969
2009,Male,Peyton,2704,0.001276829232589744
2009,Male,Quinn,1339,6.322760142151137e-4
2009,Male,Jaime,961,4.5378435374213903e-4
2009,Male,Casey,828,3.90981732464611e-4
2009,Male,Harley,462,2.1815647391141337e-4
2009,Male,Jessie,459,2.1673987343146913e-4
2009,Male,Marion,119,5.619181903778829e-5
2009,Male,Kerry,70,3.3054011198699e-5
2010,Female,Riley,5535,0.0028285210999497664
2010,Female,Peyton,4967,0.0025382591334147226
2010,Female,Quinn,1276,6.520673755259082e-4
2010,Female,Harley,716,3.658936057026256e-4
2010,Female,Casey,484,2.473359010615514e-4
2010,Female,Jessie,419,2.141193027784918e-4
2010,Female,Marion,98,5.008040971907445e-5
2010,Female,Jaime,84,4.2926065473492386e-5
2010,Female,Kerry,30,1.5330737669104424e-5
2010,Male,Riley,3640,0.0017749361461845213
2010,Male,Peyton,2641,0.0012878039456245387
2010,Male,Quinn,1236,6.026980979901286e-4
2010,Male,Jaime,814,3.9692253378961545e-4
2010,Male,Casey,706,3.4425959318853624e-4
2010,Male,Harley,441,2.1504034078774007e-4
2010,Male,Jessie,406,1.9797364707442738e-4
2010,Male,Marion,124,6.0464857727165005e-5
2010,Male,Kerry,65,3.1695288324723594e-5
2011,Female,Riley,5030,0.0026017124750820084
2011,Female,Peyton,4671,0.0024160236523077653
2011,Female,Quinn,1689,8.736167734420501e-4
2011,Female,Harley,712,3.6827421118457057e-4
2011,Female,Casey,464,2.3999892414275383e-4
2011,Female,Jessie,407,2.105162976855621e-4
2011,Female,Marion,111,5.7413535732426026e-5
2011,Female,Jaime,91,4.706875451937629e-5
2011,Female,Kerry,35,1.8103367122837036e-5
2011,Male,Riley,3454,0.0017040843260257685
2011,Male,Peyton,2291,0.0011303002868920196
2011,Male,Quinn,1129,5.570096132261414e-4
2011,Male,Jaime,763,3.76437851985426e-4
2011,Male,Casey,642,3.167406303730583e-4
2011,Male,Harley,363,1.7909166483710305e-4
2011,Male,Jessie,332,1.6379733533310802e-4
2011,Male,Marion,102,5.0323277722822345e-5
2011,Male,Kerry,61,3.0095293540119247e-5
2012,Female,Riley,4820,0.0024921783344906624
2012,Female,Peyton,4464,0.0023081087313623063
2012,Female,Quinn,2106,0.0010889061353604429
2012,Female,Harley,756,3.908893819242616e-4
2012,Female,Jessie,447,2.311211028044245e-4
2012,Female,Casey,355,1.835525536813662e-4
2012,Female,Marion,109,5.635838972188427e-5
2012,Female,Jaime,83,4.291510410015041e-5
2012,Female,Kerry,27,1.3960335068723627e-5
2012,Male,Riley,2876,0.0014212512644738084
2012,Male,Peyton,2074,0.001024921808942517
2012,Male,Quinn,984,4.862695564124574e-4
2012,Male,Jaime,731,3.6124293266006746e-4
2012,Male,Casey,556,2.7476206642817715e-4
2012,Male,Harley,381,1.8828120019628687e-4
2012,Male,Jessie,338,1.6703161592216523e-4
2012,Male,Marion,109,5.386522525300595e-5
2012,Male,Kerry,53,2.619134805880106e-5
2013,Female,Riley,4925,0.002563831598170283
2013,Female,Peyton,4556,0.0023717394439114335
2013,Female,Quinn,2646,0.0013774413012707756
2013,Female,Harley,875,4.555030758170554e-4
2013,Female,Jessie,479,2.493553980758509e-4
2013,Female,Casey,377,1.96256753809177e-4
2013,Female,Marion,140,7.288049213072886e-5
2013,Female,Jaime,90,4.685174494118284e-5
2013,Female,Kerry,39,2.0302422807845897e-5
2013,Male,Riley,2549,0.0012659177108790953
2013,Male,Peyton,1842,9.147981261040774e-4
2013,Male,Quinn,882,4.380303730856657e-4
2013,Male,Jaime,685,3.4019365710167914e-4
2013,Male,Casey,556,2.761279902898301e-4
2013,Male,Harley,400,1.986532304243382e-4
2013,Male,Jessie,322,1.5991585049159225e-4
2013,Male,Marion,96,4.767677530184117e-5
2013,Male,Kerry,71,3.5260948400320034e-5
2014,Female,Riley,4782,0.0024553888905719124
2014,Female,Peyton,4441,0.002280297378299846
2014,Female,Quinn,2547,0.0013077949611640864
2014,Female,Harley,943,4.841973491863893e-4
2014,Female,Jessie,506,2.598132117585503e-4
2014,Female,Casey,352,1.8073962557116544e-4
2014,Female,Marion,141,7.23985431975407e-5
2014,Female,Jaime,74,3.799639855757456e-5
2014,Female,Kerry,37,1.899819927878728e-5
2014,Male,Riley,2439,0.0011957089784556676
2014,Male,Peyton,1838,9.010713826984489e-4
2014,Male,Quinn,874,4.284746400862048e-4
2014,Male,Jaime,618,3.0297177067880384e-4
2014,Male,Casey,521,2.5541794906740585e-4
2014,Male,Harley,407,1.995299525344226e-4
2014,Male,Jessie,281,1.3775900899796743e-4
2014,Male,Marion,82,4.0200137857058114e-5
2014,Male,Kerry,62,3.0395226184604916e-5
2015,Female,Riley,5707,0.0029491878752049626
2015,Female,Peyton,3888,0.0020091891464511817
2015,Female,Quinn,3077,0.0015900913075180777
2015,Female,Harley,1123,5.803290667347421e-4
2015,Female,Jessie,466,2.408133081909081e-4
2015,Female,Casey,341,1.76217463719098e-4
2015,Female,Marion,146,7.544794634307421e-5
2015,Female,Jaime,68,3.51401393926647e-5
2015,Female,Kerry,26,1.3435935650136504e-5
2015,Male,Riley,2069,0.0010207847362832976
2015,Male,Peyton,1372,6.769051030356135e-4
2015,Male,Quinn,938,4.627820602386337e-4
2015,Male,Jaime,605,2.984894951432552e-4
2015,Male,Casey,515,2.5408609917153133e-4
2015,Male,Harley,386,1.9044123161206036e-4
2015,Male,Jessie,232,1.1446208739377721e-4
2015,Male,Marion,77,3.7989572109141574e-5
2015,Male,Kerry,62,3.0589006113854257e-05
